{
  "images" : [
    {
      "filename" : "people-beauty-lifestyle-concept-shot-260nw-662171109.jpg",
      "idiom" : "universal",
      "scale" : "1x"
    },
    {
      "filename" : "people-beauty-lifestyle-concept-shot-260nw-662171108.jpg",
      "idiom" : "universal",
      "scale" : "2x"
    },
    {
      "filename" : "people-beauty-lifestyle-concept-shot-260nw-662171107.jpg",
      "idiom" : "universal",
      "scale" : "3x"
    }
  ],
  "info" : {
    "author" : "xcode",
    "version" : 1
  }
}
